<?xml version="1.0" encoding="utf-8"?>


<towns xmlns:xsi="http://www.w3.org/2001/XMLSchema-instance"
xsi:noNamespaceSchemaLocation="./../schemas/schema-1.xsd">

<Town id="Zlin">
    <townName xml:lang="cs" >Zlín</townName>
    <hasFlag>true</hasFlag>
    <hasBroadcast>true</hasBroadcast>
    <streets>
        <Street id="Mramorova">
            <streetName xml:lang="sk">Mramorová</streetName>
            <sidewalk>true</sidewalk>
            <houses>
                <House id="MichalsHouse">
                    <number>5656</number>
                    <colour>FF00FF</colour>
                    <area>50.5</area>
                    <occupants>                    
                        <Occupant id="Michal">
                            <firstName xml:lang="cs">Michal</firstName>
                            <surname xml:lang="cs">Ševčík</surname>
                            <middlenames>
                                <middlename xml:lang="sk">Dobrodej</middlename>
                                <middlename xml:lang="sk">Alexander</middlename>
                            </middlenames>
                            <date_from>2018-09-01</date_from>
                            <unpaid_fees>false</unpaid_fees>
                        </Occupant> 
                    </occupants>
                </House>
            </houses>
        </Street>        
    </streets>
    <Mayor id="Michal">
        <firstName xml:lang="cs">Michal</firstName>
        <surname xml:lang="cs">Ševčík</surname>
        <middlenames>
            <middlename xml:lang="sk">Dobrodej</middlename>
            <middlename xml:lang="sk">Alexander</middlename>
        </middlenames>
        <termStart>2018-09-01</termStart>
        <termEnd>2025-09-01</termEnd>
    </Mayor>
    <townhall>
        <House id="MichalsHouse">
            <number>5656</number>
            <colour>FF00FF</colour>
            <area>50.5</area>
            <occupants>
            </occupants>
        </House>
    </townhall>
</Town>

<Town id="SvatyJur">
    <townName xml:lang="sk" >Svätý Jur</townName>
    <hasFlag>false</hasFlag>
    <hasBroadcast>false</hasBroadcast>
    <streets>
        <Street id="Sportova">
            <streetName xml:lang="sk">Športová</streetName>
            <sidewalk>false</sidewalk>
            <houses>
                <House id="MartinsHouse">
                    <number>123</number>
                    <colour>db34eb</colour>
                    <area>150.5</area>
                    <occupants>                    
                        <Occupant id="Martin">
                            <firstName xml:lang="sk">Martin</firstName>
                            <surname xml:lang="sk"></surname>
                            <date_from>2018-09-01</date_from>
                            <unpaid_fees>true</unpaid_fees>
                        </Occupant> 
                    </occupants>
                </House>
            </houses>
        </Street>        
    </streets>
    <Mayor id="Martin">            
        <firstName xml:lang="sk">Martin</firstName>
        <surname xml:lang="sk"></surname>
        <termStart>2022-01-02</termStart>
        <termEnd>2026-01-02</termEnd>
    </Mayor>
    <townhall>
        <House id="MartinsHouse">
            <number>123</number>
            <colour>db34eb</colour>
            <area>150.5</area>
            <occupants>
            </occupants>
        </House>
    </townhall>
</Town>

<Town id="Rovinka">
    <townName xml:lang="sk">Rovinka</townName>
    <hasFlag>true</hasFlag>
    <hasBroadcast>true</hasBroadcast>
    <streets>
        <Street id="Hlavna">
            <streetName xml:lang="sk">Hlavná</streetName>
            <sidewalk>true</sidewalk>
            <houses>
                <House id="RastosHouse">
                    <number>466</number>
                    <colour>000000</colour>
                    <area>200.8</area>
                    <occupants>                    
                        <Occupant id="Rasto">
                            <firstName xml:lang="sk">Rasto</firstName>
                            <surname xml:lang="sk"></surname>
                            <date_from>2018-09-01</date_from>
                            <unpaid_fees>false</unpaid_fees>
                        </Occupant> 
                    </occupants>
                </House>
            </houses>
        </Street>        
    </streets>
    <Mayor id="Rasto">            
        <firstName xml:lang="sk">Rasto</firstName>
        <surname xml:lang="sk"></surname>
        <termStart>2018-08-01</termStart>
        <termEnd>2022-08-01</termEnd>
    </Mayor>
    <townhall>
        <House id="RastosHouse">
            <number>466</number>
            <colour>000000</colour>
            <area>200.8</area>
            <occupants>
            </occupants>
        </House>
    </townhall>
</Town>
</towns>
